id;segundo_nombre;segundo_apellido;num_documento;celular;direccion;genero;cuidad_id
1;Buckinghamshire Internal;SDD multimedia Soft;synthesize;Steel;invoice primary;HOMBRE;1
2;connecting Leone Path;FTP Ohio neural;Buckinghamshire;Steel;Berkshire even-keeled SCSI;MUJER;2
3;payment indigo;cross-platform deposit Solutions;capacitor Facil;Handcrafted Rubber Pants Fantastic Concrete Towels;withdrawal Honduras 4th generation;HOMBRE;3
4;Front-line navigating;Credit Card Account Corporate;Research;Gloves virtual payment;radical Sleek Concrete Mouse Intuitive;MUJER;4
5;Romania;Oklahoma Incredible Division;Bedfordshire re;Money Market Account;Executive CSS;HOMBRE;5
6;copy salmon;Hat Persevering Industrial;Granite Ergonom;Horizontal Legacy;withdrawal online;HOMBRE;6
7;input Games needs-based;Tuna platforms;Fantastic Meado;Rustic Papua New Guinea;Shoes redundant;MUJER;7
8;optical Danish Krone;invoice input Virginia;Music;Tactics parsing Jersey;Indiana open-source;MUJER;8
9;Kroon generating;synergize Unbranded;Lempira Kip;Djibouti backing up Small;solutions;MUJER;9
10;Games e-services Health;Supervisor SSL;innovate Alabam;Implementation;Pizza Awesome Wooden Hat;HOMBRE;10
